{"train_loss": 1694.3515625, "epoch": 0, "trainer/global_step": 49, "_timestamp": 1670394921.5861413, "_runtime": 43.36824631690979, "_step": 0, "_wandb": {"runtime": 43}}