{"train_loss": 9.85108470916748, "epoch": 2, "trainer/global_step": 999, "_timestamp": 1670396556.2003012, "_runtime": 634.1795930862427, "_step": 19, "_wandb": {"runtime": 645}}