{"train_loss": 0.001428040792234242, "epoch": 24, "trainer/global_step": 11699, "_timestamp": 1670399022.9850094, "_runtime": 1379.9984283447266, "_step": 233, "_wandb": {"runtime": 1381}}