{"train_loss": 10.936720848083496, "epoch": 0, "trainer/global_step": 449, "_timestamp": 1670395308.4036467, "_runtime": 286.50847578048706, "_step": 8, "_wandb": {"runtime": 297}}