{"train_loss": 7.590649604797363, "epoch": 9, "trainer/global_step": 4649, "_timestamp": 1670397465.873056, "_runtime": 516.0239100456238, "_step": 92, "_wandb": {"runtime": 518}}